Week,GM,G,A,P,PIM,PPP,SHP,GWG,SOG,FOW,HIT,BLK,W,L,GA*,GAA,SV,SA*,SV%,SHO
22,Stupid Reggie...,10,16,26,28,10,0,2,83,81,38,40,4,0,6,1.49,80,86,0.930232558140,1
22,John Kim,3,20,23,20,7,0,0,59,58,43,44,3,1,12,2.92,105,117,0.897435897436,0
22,jinhoo,14,15,29,12,3,1,1,93,88,40,33,2,1,17,3.31,118,135,0.874074074074,0
22,🇰🇵,11,22,33,10,6,2,1,79,94,44,24,2,1,7,2.30,82,89,0.921348314607,0
22,roylee,15,16,31,18,4,1,3,85,63,42,32,2,2,14,3.55,88,102,0.862745098039,0
22,john cho,7,22,29,14,5,0,2,74,91,32,51,1,1,5,2.55,47,52,0.903846153846,0
