Week,GM,G,A,P,PIM,PPP,SHP,GWG,SOG,FOW,HIT,BLK,W,L,GA*,GAA,SV,SA*,SV%,SHO
22,Stupid Reggie...,4,5,9,22,3,0,1,27,23,16,20,2,0,3,1.47,43,46,0.934782608696,1
22,John Kim,0,5,5,8,2,0,0,20,25,19,15,2,0,4,1.92,37,41,0.902439024390,0
22,jinhoo,4,6,10,6,2,0,0,35,29,14,11,1,1,7,3.50,40,47,0.851063829787,0
22,🇰🇵,3,10,13,2,1,1,0,18,25,13,9,0,0,0,0,0,0,0,0
22,roylee,6,3,9,6,1,0,1,23,25,13,6,1,1,7,3.56,43,50,0.860000000000,0
22,john cho,4,9,13,4,4,0,2,28,34,12,24,0,0,0,0,0,0,0,0
