Week,GM,G,A,P,PIM,PPP,SHP,GWG,SOG,FOW,HIT,BLK,W,L,GA*,GAA,SV,SA*,SV%,SHO
23,Wally,5,12,17,10,3,0,1,41,39,20,12,1,2,13,4.34,72,85,0.847058823529,0
23,Sam,6,12,18,10,6,0,0,33,37,25,12,0,0,0,0,0,0,0,0
23,Team Bert&Ernie,4,5,9,2,1,0,0,39,18,16,13,0,0,0,0,0,0,0,0
23,JAKE,10,6,16,36,6,0,3,41,42,11,10,1,1,6,3.03,48,54,0.888888888889,1
23,Stupid Reggie...,2,10,12,4,4,0,0,21,38,17,13,2,0,5,2.51,47,52,0.903846153846,0
23,cha-ching,6,14,20,4,6,0,0,41,46,14,14,0,1,6,6.00,20,26,0.769230769231,0
23,DaemyungKillerWhales,8,8,16,18,6,0,3,36,48,24,25,1,0,4,2.10,53,57,0.929824561404,0
23,🇰🇵,1,2,3,2,0,0,1,21,12,12,11,1,0,2,2.00,38,40,0.950000000000,0
