Week,GM,G,A,P,PIM,PPP,SHP,GWG,SOG,FOW,HIT,BLK,W,L,GA*,GAA,SV,SA*,SV%,SHO
23,Wally,10,26,36,24,7,0,2,100,105,45,28,3,2,16,3.86,91,107,0.850467289720,0
23,Sam,11,16,27,20,6,0,1,82,86,52,33,1,1,4,2.10,62,66,0.939393939394,0
23,Team Bert&Ernie,16,15,31,7,7,0,2,108,67,42,32,1,1,4,1.96,49,53,0.924528301887,0
23,JAKE,16,16,32,38,12,0,5,84,92,41,27,1,1,11,3.65,70,81,0.864197530864,1
23,Stupid Reggie...,5,22,27,15,9,0,0,62,92,63,45,4,0,8,2.01,88,96,0.916666666667,0
23,cha-ching,14,24,38,16,9,0,1,112,107,34,43,1,2,14,3.44,106,120,0.883333333333,0
23,DaemyungKillerWhales,12,17,29,26,10,0,3,79,114,52,50,1,0,10,3.35,72,82,0.878048780488,0
23,🇰🇵,7,3,10,20,1,0,1,66,45,34,36,1,2,11,4.43,76,87,0.873563218391,0
