Week,GM,G,A,P,+/-,PIM,PPP,SHP,GWG,SOG,HIT,BLK,W,L,GA*,GAA,SV,SA*,SV%,SHO
24,jinseo,6,7,13,0,22,3,0,0,57,38,17,1,0,0,0.00,30,30,1.000000000000,1
24,Will,8,8,16,2,6,4,0,2,61,42,20,0,3,11,2.94,107,118,0.906779661017,0
24,JAKE,3,8,11,-7,16,3,2,0,51,48,25,2,1,10,3.00,97,107,0.906542056075,1
24,cha-ching,6,11,17,-2,11,4,0,1,48,42,27,2,0,3,1.50,62,65,0.953846153846,0
24,Team Bert&Ernie,2,5,7,1,6,3,0,0,28,20,19,0,1,3,3.12,30,33,0.909090909091,0
24,roylee,6,9,15,-3,18,6,1,0,49,29,26,0,2,6,3.11,63,69,0.913043478261,0
24,blahhhhhhhhhhhhhhhhh,7,16,23,2,27,5,2,2,53,53,15,2,0,4,2.00,74,78,0.948717948718,0
24,john cho,5,8,13,2,14,3,2,1,66,28,18,2,1,9,3.07,68,77,0.883116883117,0
