Week,GM,G,A,P,PIM,PPP,SHP,GWG,SOG,FOW,HIT,BLK,W,L,GA*,GAA,SV,SA*,SV%,SHO
23,Will,5,9,14,4,4,1,1,32,32,17,13,0,0,5,4.63,46,51,0.901960784314,0
23,blahhhhhhhhhhhhhhhhh,4,10,14,4,3,0,0,51,34,22,8,2,0,3,1.50,55,58,0.948275862069,1
23,john cho,3,6,9,6,4,0,0,48,36,10,22,1,0,2,2.00,29,31,0.935483870968,0
23,roylee,5,4,9,4,1,0,1,34,38,23,8,1,0,3,3.00,41,44,0.931818181818,0
23,🇰🇵,4,5,9,4,1,0,2,39,12,20,12,2,0,4,1.71,59,63,0.936507936508,0
23,cha-ching,3,3,6,4,1,0,0,20,35,26,5,1,0,2,2.00,20,22,0.909090909091,0
23,JAKE,2,5,7,6,1,0,1,29,26,18,11,1,0,1,0.92,47,48,0.979166666667,0
23,Team Bert&Ernie,2,5,7,2,2,0,0,29,22,6,10,0,1,6,9.00,20,26,0.769230769231,0
