Week,GM,G,A,P,PIM,PPP,SHP,GWG,SOG,FOW,HIT,BLK,W,L,GA*,GAA,SV,SA*,SV%,SHO
23,Wally,8,21,29,22,4,0,2,79,85,35,22,2,2,15,4.40,79,94,0.840425531915,0
23,Sam,10,13,23,20,6,0,1,60,56,44,24,0,0,0,0,0,0,0,0
23,Team Bert&Ernie,11,9,20,2,4,0,1,79,45,33,26,1,0,1,0.94,27,28,0.964285714286,0
23,JAKE,14,11,25,36,9,0,5,59,59,28,21,1,1,6,3.03,48,54,0.888888888889,1
23,Stupid Reggie...,3,20,23,6,7,0,0,44,76,43,34,4,0,8,2.01,88,96,0.916666666667,0
23,cha-ching,10,20,30,12,9,0,0,93,90,28,33,0,2,9,4.52,54,63,0.857142857143,0
23,DaemyungKillerWhales,11,13,24,24,8,0,3,55,80,35,37,1,0,10,3.35,72,82,0.878048780488,0
23,🇰🇵,4,3,7,16,1,0,1,47,28,22,24,1,1,6,3.00,55,61,0.901639344262,0
