Week,GM,G,A,P,PIM,PPP,SHP,GWG,SOG,FOW,HIT,BLK,W,L,GA*,GAA,SV,SA*,SV%,SHO
23,Will,3,1,4,0,1,0,1,7,6,2,2,0,0,5,4.63,46,51,0.901960784314,0
23,blahhhhhhhhhhhhhhhhh,3,5,8,2,2,0,0,22,16,11,5,1,0,0,0.00,27,27,1.000000000000,1
23,john cho,2,3,5,2,2,0,0,14,8,5,8,0,0,0,0,0,0,0,0
23,roylee,2,1,3,4,0,0,0,15,11,11,2,0,0,0,0,0,0,0,0
23,🇰🇵,1,2,3,0,1,0,1,9,0,13,6,0,0,2,6.00,11,13,0.846153846154,0
23,cha-ching,2,1,3,0,0,0,0,8,0,8,4,1,0,2,2.00,20,22,0.909090909091,0
23,JAKE,2,0,2,4,0,0,1,5,4,6,3,0,0,0,0,0,0,0,0
23,Team Bert&Ernie,0,1,1,0,0,0,0,3,4,1,3,0,1,6,9.00,20,26,0.769230769231,0
