Week,GM,G,A,P,PIM,PPP,SHP,GWG,SOG,FOW,HIT,BLK,W,L,GA*,GAA,SV,SA*,SV%,SHO
23,Wally,5,12,17,8,3,0,1,38,39,18,8,1,1,6,3.01,50,56,0.892857142857,0
23,Sam,4,8,12,6,4,0,0,25,26,20,9,0,0,0,0,0,0,0,0
23,Team Bert&Ernie,3,5,8,2,1,0,0,36,17,9,13,0,0,0,0,0,0,0,0
23,JAKE,9,3,12,4,5,0,3,31,32,10,10,1,0,0,0.00,27,27,1.000000000000,1
23,Stupid Reggie...,1,8,9,4,4,0,0,16,38,14,12,1,0,3,3.00,24,27,0.888888888889,0
23,cha-ching,5,13,18,4,5,0,0,37,46,14,14,0,1,6,6.00,20,26,0.769230769231,0
23,DaemyungKillerWhales,5,3,8,4,3,0,2,29,43,12,17,1,0,4,2.10,53,57,0.929824561404,0
23,🇰🇵,0,2,2,2,0,0,0,17,7,12,11,1,0,2,2.00,38,40,0.950000000000,0
