Week,GM,G,A,P,+/-,PIM,PPP,SHP,GWG,SOG,HIT,BLK,W,L,GA*,GAA,SV,SA*,SV%,SHO
24,jinseo,4,6,10,3,16,3,0,0,42,26,10,0,0,0,0,0,0,0,0
24,Will,3,2,5,-1,2,1,0,1,27,19,7,0,1,6,3.06,46,52,0.884615384615,0
24,JAKE,2,4,6,-7,10,3,1,0,25,25,8,1,0,7,5.14,37,44,0.840909090909,0
24,cha-ching,2,2,4,1,6,2,0,0,25,10,14,1,0,1,0.99,31,32,0.968750000000,0
24,Team Bert&Ernie,2,2,4,-1,2,3,0,0,21,7,10,0,1,3,3.12,30,33,0.909090909091,0
24,roylee,1,5,6,-3,16,2,1,0,18,17,10,0,2,6,3.11,63,69,0.913043478261,0
24,blahhhhhhhhhhhhhhhhh,4,5,9,-4,12,4,0,1,23,20,6,1,0,2,2.01,47,49,0.959183673469,0
24,john cho,3,4,7,1,10,0,2,0,41,14,6,1,1,6,3.10,50,56,0.892857142857,0
