Week,GM,G,A,P,PIM,PPP,SHP,GWG,SOG,FOW,HIT,BLK,W,L,GA*,GAA,SV,SA*,SV%,SHO
22,Stupid Reggie...,0,2,2,2,2,0,0,14,12,5,9,1,0,0,0.00,21,21,1.000000000000,1
22,John Kim,0,1,1,4,1,0,0,10,17,8,5,1,0,2,1.85,17,19,0.894736842105,0
22,jinhoo,1,3,4,4,2,0,0,7,3,4,6,0,0,0,0,0,0,0,0
22,🇰🇵,0,1,1,0,0,0,0,2,14,2,0,0,0,0,0,0,0,0,0
22,roylee,1,1,2,0,0,0,0,3,0,0,1,0,0,0,0,0,0,0,0
22,john cho,2,3,5,2,2,0,2,12,18,4,11,0,0,0,0,0,0,0,0
