Week,GM,G,A,P,+/-,PIM,PPP,SHP,GWG,SOG,HIT,BLK,W,L,GA*,GAA,SV,SA*,SV%,SHO
24,jinseo,4,6,10,2,16,3,0,0,44,26,11,0,0,0,0,0,0,0,0
24,Will,7,7,14,1,4,4,0,2,51,34,16,0,1,6,3.06,46,52,0.884615384615,0
24,JAKE,2,6,8,-6,12,3,2,0,38,32,12,1,0,7,5.14,37,44,0.840909090909,0
24,cha-ching,2,6,8,2,6,3,0,0,32,22,18,1,0,1,0.99,31,32,0.968750000000,0
24,Team Bert&Ernie,2,2,4,-2,4,3,0,0,24,11,16,0,1,3,3.12,30,33,0.909090909091,0
24,roylee,3,7,10,-1,16,4,1,0,22,18,12,0,2,6,3.11,63,69,0.913043478261,0
24,blahhhhhhhhhhhhhhhhh,4,8,12,-3,18,5,0,1,35,35,9,1,0,2,2.01,47,49,0.959183673469,0
24,john cho,5,6,11,2,10,2,2,1,50,20,15,1,1,6,3.10,50,56,0.892857142857,0
