Week,GM,G,A,P,PIM,PPP,SHP,GWG,SOG,FOW,HIT,BLK,W,L,GA*,GAA,SV,SA*,SV%,SHO
23,Will,7,15,22,8,6,1,1,59,52,33,25,1,0,7,3.37,75,82,0.914634146341,0
23,blahhhhhhhhhhhhhhhhh,6,15,21,8,5,0,0,80,64,39,16,3,1,8,2.00,122,130,0.938461538462,1
23,john cho,6,14,20,8,9,0,1,81,61,22,34,2,1,6,2.02,76,82,0.926829268293,0
23,roylee,7,9,16,6,4,0,1,60,67,38,29,2,0,7,3.36,61,68,0.897058823529,0
23,🇰🇵,5,9,14,8,2,0,2,63,19,32,18,3,0,6,1.80,77,83,0.927710843373,0
23,cha-ching,6,5,11,6,1,0,0,43,74,37,14,1,1,7,3.55,41,48,0.854166666667,0
23,JAKE,5,10,15,8,2,0,1,45,51,37,23,1,0,1,0.92,47,48,0.979166666667,0
23,Team Bert&Ernie,5,10,15,4,3,0,1,43,36,13,16,0,2,9,5.53,49,58,0.844827586207,0
