Week,GM,G,A,P,PIM,PPP,SHP,GWG,SOG,FOW,HIT,BLK,W,L,GA*,GAA,SV,SA*,SV%,SHO
23,Will,12,20,32,17,8,1,1,86,106,58,38,2,0,10,3.25,97,107,0.906542056075,0
23,blahhhhhhhhhhhhhhhhh,14,26,40,28,12,0,1,125,92,58,31,4,2,16,2.67,171,187,0.914438502674,1
23,john cho,6,20,26,8,10,0,1,114,91,38,45,2,2,10,2.54,99,109,0.908256880734,0
23,roylee,13,16,29,8,6,0,3,90,104,53,42,3,1,8,1.97,123,131,0.938931297710,1
23,🇰🇵,9,13,22,16,4,0,3,83,35,41,29,3,1,9,2.08,102,111,0.918918918919,0
23,cha-ching,12,10,22,18,1,0,2,84,117,45,26,2,2,12,3.04,104,116,0.896551724138,0
23,JAKE,6,16,22,10,3,0,1,69,77,56,42,3,0,4,1.30,83,87,0.954022988506,0
23,Team Bert&Ernie,8,16,24,6,4,0,1,77,72,23,29,2,2,15,4.13,102,117,0.871794871795,0
