Week,GM,G,A,P,+/-,PIM,PPP,SHP,GWG,SOG,HIT,BLK,W,L,GA*,GAA,SV,SA*,SV%,SHO
24,jinseo,8,11,19,4,24,6,0,1,65,40,21,2,0,1,0.50,50,51,0.980392156863,1
24,Will,9,9,18,1,10,4,0,2,73,47,25,0,3,11,2.94,107,118,0.906779661017,0
24,JAKE,3,8,11,-8,18,3,2,0,60,55,29,3,1,13,3.00,116,129,0.899224806202,1
24,cha-ching,8,13,21,-3,11,4,0,1,59,52,31,2,0,7,2.31,86,93,0.924731182796,0
24,Team Bert&Ernie,4,6,10,2,14,5,0,1,37,25,19,0,1,3,3.12,30,33,0.909090909091,0
24,roylee,7,9,16,-1,18,6,1,0,53,32,27,0,2,6,3.11,63,69,0.913043478261,0
24,blahhhhhhhhhhhhhhhhh,7,17,24,4,29,5,2,2,56,58,16,2,0,4,2.00,74,78,0.948717948718,0
24,john cho,7,10,17,1,16,5,2,1,88,40,23,2,2,11,2.82,87,98,0.887755102041,0
