Week,GM,G,A,P,PIM,PPP,SHP,GWG,SOG,FOW,HIT,BLK,W,L,GA*,GAA,SV,SA*,SV%,SHO
23,Wally,8,18,26,20,3,0,2,73,85,31,17,1,2,13,4.34,72,85,0.847058823529,0
23,Sam,10,13,23,20,6,0,1,59,56,43,23,0,0,0,0,0,0,0,0
23,Team Bert&Ernie,10,9,19,2,4,0,1,74,44,30,25,0,0,0,0,0,0,0,0
23,JAKE,13,11,24,36,9,0,4,53,51,22,17,1,1,6,3.03,48,54,0.888888888889,1
23,Stupid Reggie...,2,16,18,6,6,0,0,36,53,32,24,3,0,6,2.01,68,74,0.918918918919,0
23,cha-ching,7,19,26,8,9,0,0,80,78,28,30,0,2,9,4.52,54,63,0.857142857143,0
23,DaemyungKillerWhales,10,10,20,22,6,0,3,46,80,31,35,1,0,4,2.10,53,57,0.929824561404,0
23,🇰🇵,4,3,7,9,1,0,1,42,21,19,21,1,1,6,3.00,55,61,0.901639344262,0
