Week,GM,G,A,P,+/-,PIM,PPP,SHP,GWG,SOG,HIT,BLK,W,L,GA*,GAA,SV,SA*,SV%,SHO
24,jinseo,9,17,26,-6,39,8,0,1,98,57,37,3,0,2,0.67,71,73,0.972602739726,1
24,Will,14,19,33,9,18,6,1,3,116,67,41,0,4,16,3.63,122,138,0.884057971014,0
24,JAKE,6,13,19,-12,26,3,2,0,96,71,44,3,3,21,3.33,169,190,0.889473684211,1
24,cha-ching,9,14,23,3,17,4,0,1,87,77,45,3,0,8,1.99,110,118,0.932203389831,0
24,Team Bert&Ernie,5,12,17,10,16,5,0,2,60,42,34,1,3,16,4.05,117,133,0.879699248120,0
24,roylee,8,14,22,-2,24,7,1,0,87,52,33,0,4,14,3.81,111,125,0.888000000000,0
24,blahhhhhhhhhhhhhhhhh,15,25,40,7,37,7,3,2,104,85,21,2,0,4,2.00,74,78,0.948717948718,0
24,john cho,13,15,28,13,22,5,2,2,122,56,33,3,2,13,2.65,110,123,0.894308943089,0
