Week,GM,G,A,P,+/-,PIM,PPP,SHP,GWG,SOG,HIT,BLK,W,L,GA*,GAA,SV,SA*,SV%,SHO
24,jinseo,8,15,23,-2,33,6,0,1,88,52,32,3,0,2,0.67,71,73,0.972602739726,1
24,Will,12,17,29,6,18,6,1,3,106,60,39,0,3,11,2.94,107,118,0.906779661017,0
24,JAKE,4,10,14,-17,26,3,2,0,88,67,42,3,3,21,3.33,169,190,0.889473684211,1
24,cha-ching,9,13,22,4,15,4,0,1,73,66,40,3,0,8,1.99,110,118,0.932203389831,0
24,Team Bert&Ernie,5,10,15,5,16,5,0,2,57,36,30,1,2,10,3.39,90,100,0.900000000000,0
24,roylee,8,11,19,-2,20,7,1,0,77,44,32,0,4,14,3.81,111,125,0.888000000000,0
24,blahhhhhhhhhhhhhhhhh,12,22,34,5,33,5,3,2,88,76,18,2,0,4,2.00,74,78,0.948717948718,0
24,john cho,12,14,26,11,20,5,2,2,108,51,27,2,2,11,2.82,87,98,0.887755102041,0
