Week,GM,G,A,P,PIM,PPP,SHP,GWG,SOG,FOW,HIT,BLK,W,L,GA*,GAA,SV,SA*,SV%,SHO
23,Will,9,15,24,8,7,1,1,65,63,34,25,1,0,7,3.37,75,82,0.914634146341,0
23,blahhhhhhhhhhhhhhhhh,11,19,30,10,8,0,0,92,65,44,17,4,1,9,1.80,139,148,0.939189189189,1
23,john cho,6,15,21,8,9,0,1,83,61,23,35,2,1,6,2.02,76,82,0.926829268293,0
23,roylee,7,10,17,6,4,0,1,64,67,38,31,2,0,7,3.36,61,68,0.897058823529,0
23,🇰🇵,6,10,16,8,4,0,2,66,19,32,18,3,0,6,1.80,77,83,0.927710843373,0
23,cha-ching,7,6,13,8,1,0,0,49,86,38,16,1,1,7,3.55,41,48,0.854166666667,0
23,JAKE,5,10,15,8,2,0,1,48,54,39,32,1,0,1,0.92,47,48,0.979166666667,0
23,Team Bert&Ernie,6,11,17,6,4,0,1,53,50,18,22,0,2,9,5.53,49,58,0.844827586207,0
